"mean","sd","2.5%","25%","50%","75%","97.5%","Rhat","n.eff","overlap0","f","parameter"
0.822604354808775,0.0651275635230111,0.678400299768932,0.782265901161695,0.82956473179174,0.869940529677442,0.930962853952339,1.00014536945367,11222,0,1,"monthly.surv[1,1]"
0.804616561860655,0.0525849019747389,0.691396119372416,0.770423214885272,0.808187290176169,0.842121477074083,0.897202490649307,1.00018963649141,9199,0,1,"monthly.surv[2,1]"
0.464256484522705,0.0646990735139963,0.341973726583663,0.419578305357329,0.463581967328544,0.507014141208524,0.593843195339004,1.00009739814016,15000,0,1,"monthly.surv[3,1]"
0.500539695971785,0.0756936535263581,0.351580673473903,0.449123127594735,0.500881662680226,0.551694204430862,0.650701529847798,1.00000173596161,15000,0,1,"monthly.surv[4,1]"
0.927844698662396,0.0396677118743005,0.832972478780627,0.905225625298893,0.93461133416763,0.95751538185634,0.984697469872832,1.00032092488392,7564,0,1,"monthly.surv[5,1]"
0.76480549301518,0.0520113632236113,0.657744713841772,0.730682318292763,0.766288248868009,0.800475651710618,0.862725632520887,1.00140464432639,1406,0,1,"monthly.surv[6,1]"
0.844042006028264,0.0585424903192531,0.712328177234137,0.807864729965685,0.849973896264922,0.88683012359266,0.940017972001731,1.00059148342501,3414,0,1,"monthly.surv[1,2]"
0.794765312588145,0.0502670307757428,0.68883135718319,0.76263572505693,0.797754874773297,0.830060914737145,0.884285821786089,0.999955442952362,15000,0,1,"monthly.surv[2,2]"
0.37491122361189,0.0563982243267924,0.268801489535416,0.335784539072608,0.373756974111525,0.413187801875483,0.488318527804834,0.999983870893394,15000,0,1,"monthly.surv[3,2]"
0.626568422632543,0.0710717107280275,0.482864763098086,0.578687813447099,0.627855981918225,0.67663269803207,0.759016481105675,1.00018697943569,10193,0,1,"monthly.surv[4,2]"
0.870346090822323,0.0536735006176336,0.747799658612664,0.838206058771635,0.876324658301352,0.909497960993316,0.955223797411118,1.00042402995821,5730,0,1,"monthly.surv[5,2]"
0.709076193544486,0.0541730358949779,0.60087484848465,0.672250351179869,0.70971839121871,0.74656725226426,0.813218205687716,1.0000902277549,11061,0,1,"monthly.surv[6,2]"
0.0146353665908031,0.00110688257503401,0.0126109831955155,0.0138663069839677,0.014582566848687,0.0153460342314484,0.0169550869341309,1.0006674734899,2707,0,1,"capt.prob.Sherman"
0.0605527204427423,0.00259641640429406,0.0555918006489013,0.0587741616151409,0.0605067261275263,0.0622680716378695,0.0657811236872112,1.00107026979574,2098,0,1,"capt.prob.Tomahawk"
33.6479481550253,1.99474116776481,30.0199701980388,32.2624014233614,33.5669638565769,34.9131199110797,37.8203246310435,1.00058951039857,3026,0,1,"sigma[1,1]"
12.0043963159879,0.427612545308589,11.2243647129129,11.7079878203095,11.9851488372898,12.2802828398559,12.8855732347082,1.00057913445884,4222,0,1,"sigma[2,1]"
86.1971658147166,3.41778898269208,77.188789251271,84.5737133164554,87.1688653407162,88.7954931797026,89.8960007848552,1.00006721508855,15000,0,1,"sigma[3,1]"
39.2676057212141,16.4040745207295,22.1191140475483,27.5000993169105,33.2696116672897,45.857476841265,83.6107110195482,1.00140864761585,2258,0,1,"sigma[4,1]"
88.9196253382736,1.03614484205282,86.0968838273192,88.4886072191782,89.2297659174604,89.6771622181305,89.9690967203399,1.00108771371559,3370,0,1,"sigma[5,1]"
86.2461749493915,2.9991950264183,78.8425350022067,84.5519474988012,86.920815496742,88.6232808589331,89.874560385469,1.00015636138594,15000,0,1,"sigma[6,1]"
5.01555963489333,0.0151721243552825,5.00042686775947,5.00460982779442,5.01110138118857,5.02175627822737,5.05548715677569,0.999977498013585,15000,0,1,"sigma[7,1]"
31.7679582974472,1.92488413899188,28.2667705265116,30.4527713779808,31.6851573565434,32.9916924621574,35.8299662840727,0.999978765492084,15000,0,1,"sigma[1,2]"
12.3828518174342,0.425153507843425,11.6076668228613,12.0856421318534,12.3620257611571,12.6579337236377,13.2620980277604,1.00067195124684,15000,0,1,"sigma[2,2]"
35.2700761016706,12.5511397936115,24.1697440001183,27.8244748312757,31.002712269261,36.9014524001472,76.8323882515193,1.01178354867417,280,0,1,"sigma[3,2]"
79.0945499836147,8.54451424577654,58.2619012711153,74.08865430497,81.0186688812063,85.9717346845283,89.6453753519926,1.0001389193303,15000,0,1,"sigma[4,2]"
87.306677297215,2.50670583733656,80.8616915865665,86.1980140507268,88.0190208239178,89.1790988015949,89.925202391061,1.00079554213929,5192,0,1,"sigma[5,2]"
81.4786639332986,5.1163368963163,70.6237180156068,77.9582958763166,81.9243666590523,85.4993847361767,89.4795328815947,1.00013877667696,15000,0,1,"sigma[6,2]"
5.01113822015783,0.0111594979446118,5.00027583487334,5.00324897276924,5.00768990814103,5.0153276253612,5.04147333098557,1.00035358016283,10430,0,1,"sigma[7,2]"
99.5439621683167,56.175144342394,5.62955226865952,52.5769548669283,99.4316389620439,146.988370395856,193.968756327013,1.00769089135712,266,0,1,"sigma.ar[1]"
91.442187687745,57.2837116097891,2.80807086459204,41.5691598000907,89.3306367839378,139.028849780243,193.417071327696,1.01386287407859,156,0,1,"sigma.ar[2]"
83.8151774989884,55.3964841161425,4.03957422932394,35.9801508410247,75.9963244006162,127.110206147041,191.318753697835,1.01586774253948,131,0,1,"sigma.ar[3]"
65.8850846089169,51.4930679789885,2.2451643554276,23.482415121436,53.0152709094028,98.8615472025647,184.357960822143,1.00147998083374,1930,0,1,"sigma.ar[4]"
65.1432727720278,65.480266791137,1.26147924144982,11.4454698353868,32.5863862691147,120.451594922011,194.894349034138,1.01561249106617,160,0,1,"sigma.ar[5]"
163.058057654934,32.9345775551328,78.3049713936517,147.036823159152,172.616357491435,188.355571147708,198.97782003746,1.00246726170267,7844,0,1,"sigma.ar[6]"
57.2395652042845,48.6880763081194,1.7136057371518,17.9623097023796,43.6539492949769,83.9392270326526,177.095642371443,1.00699174150968,325,0,1,"sigma.ar[7]"
129.667844249445,58.4849813741499,6.73591386031239,88.371302919709,147.831356871162,178.975299358562,198.185707199079,1.00208718848718,2639,0,1,"sigma.ar[8]"
95.5879046324855,57.3531127058332,5.03548705007711,44.7400667307162,94.1543421139159,144.196998950245,193.972856074982,1.01021705601869,232,0,1,"sigma.ar[9]"
138.84423175238,51.9821967793733,14.1997479669745,108.535400820783,154.531973486604,180.633072231779,198.213479277002,1.00913504181625,382,0,1,"sigma.ar[10]"
81.0897283651134,54.6841873539783,3.18417556403875,33.6153228866723,74.7490056676504,122.149707439068,190.13946002397,1.00148835021354,1608,0,1,"sigma.ar[11]"
86.1469751302044,61.5393949400957,3.06387712380913,29.2704190056809,76.1736648450679,140.571899558507,194.78466071941,1.01108765872999,185,0,1,"sigma.ar[12]"
77.5264969828984,54.9483472615584,3.19328323822627,30.0490370027263,68.652742976554,117.834047717532,190.015369872267,1.00526079165878,603,0,1,"sigma.ar[13]"
104.098909513186,57.9180456494914,5.63949549150369,54.1797815337705,106.499757032937,154.553071527772,195.395396239116,1.00112212443364,2713,0,1,"sigma.ar[14]"
66.4030786680271,51.522664856666,3.12183714944821,23.288230908307,53.1889194998915,100.239238818532,184.351169574317,1.00565679258747,364,0,1,"sigma.ar[15]"
81.4485920654695,66.6065688901699,1.41916766951005,17.9501667790993,64.7680621173278,145.558832862816,195.497190986202,1.02826882450403,77,0,1,"sigma.ar[16]"
116.892184101878,47.8664485568804,18.2726811383305,82.915996159533,118.92382624361,155.434765747005,194.956566575306,1.00273310983368,802,0,1,"sigma.ar[17]"
113.125056066517,57.3891944665833,7.6680161911988,65.2168716864434,119.01735012327,164.547473783331,196.677884363398,1.00300655539496,1011,0,1,"sigma.ar[18]"
20.9177724703695,26.8613493477081,0.442235458393364,5.09793464737966,11.9397965460453,24.9888267947228,104.977395503739,1.10015226027106,79,0,1,"sigma.ar[19]"
53.8245245512115,46.4327036325601,2.03862873508162,17.7916014650633,39.5848358663186,77.5744111777533,173.279412698704,1.00865824689739,249,0,1,"sigma.ar[20]"
162.520780188617,35.3807795755974,65.6871638798672,147.430908793744,173.232585820172,188.585329535975,198.957399852149,1.02220217467274,262,0,1,"sigma.ar[21]"
83.4557085039199,52.3552814782369,6.14548142085587,40.3795536014413,75.0320189495629,121.674956848575,190.224688158662,1.007919440021,283,0,1,"sigma.ar[22]"
69.9095953821851,66.7306649667496,1.5438600811264,13.0238741584164,38.4728688813612,131.649103293244,195.702088942843,1.00409108080121,637,0,1,"sigma.ar[23]"
174.315171194161,25.0052655119838,107.365077539627,164.164838620229,182.016105375883,192.280778578381,199.348422202466,1.0065980513397,1050,0,1,"sigma.ar[24]"
113.490768891235,56.7941133184437,3.18027574709181,71.2723740155402,120.310706542633,161.720050605039,196.343583339119,1.03866311778012,58,0,1,"sigma.ar[25]"
59.4926330335317,50.1107207692259,2.19108381156547,19.7100182859867,43.3901553731573,88.5081827385719,182.128260769118,1.01316406663434,175,0,1,"sigma.ar[26]"
145.590706608205,47.8083041124479,22.5455451967789,120.385022554331,160.182669582413,183.015622882091,198.482376964645,1.01502507258642,165,0,1,"sigma.ar[27]"
114.104377895473,56.5533782490072,9.60968870933628,66.9481096312758,119.697385015563,164.665074297219,196.62351032148,1.00075954442205,6972,0,1,"sigma.ar[28]"
61.2090031837548,48.7125993927339,2.14111440186396,22.2405838963851,48.2373876861516,89.0436986840439,179.626240150009,1.00763637261098,388,0,1,"sigma.ar[29]"
151.29200548974,44.2045926871032,31.945626474626,130.210538497952,164.890028518403,185.077503978339,198.689225712988,1.00599948825697,408,0,1,"sigma.ar[30]"
83.8078719405636,56.6231197029455,2.83509085121478,34.0880688562598,76.6519604078903,129.029876856232,192.041717480373,1.0024514016009,828,0,1,"sigma.ar[31]"
54.3597742382803,49.4980471980007,1.36324121006267,15.7036324833727,37.8333852668827,79.5090522193495,180.18934026913,1.02662991061039,90,0,1,"sigma.ar[32]"
88.8463050210283,58.1263149600353,4.03922723432393,37.0514955344768,84.0875262499326,137.902021889316,193.124982642379,1.00076725173162,3956,0,1,"sigma.ar[33]"
66.8345925325964,52.2012796993836,2.47901431842285,23.2823375460617,53.1355634229619,102.685270572722,182.626906236628,1.00681597000198,396,0,1,"sigma.ar[34]"
77.6183349280584,52.9630494268569,4.00906040467137,33.5686966332897,67.5574147265765,115.589697807612,189.078929637447,1.00578408528279,350,0,1,"sigma.ar[35]"
54.819688678566,48.0369734373102,1.09509687909066,16.5839662101784,40.7802070725844,80.3888765973623,176.999253519809,1.01106192553884,208,0,1,"sigma.ar[36]"
70.1276804688623,65.1365399922687,1.40389670693091,12.9958805428553,41.9088385703155,129.233339307964,194.363999251792,1.009566616715,238,0,1,"sigma.ar[37]"
95.6618563560857,59.0763343267311,5.79714427515985,42.9700336633722,90.1664911166495,148.776343655199,194.916833442121,1.00024662938213,10449,0,1,"sigma.ar[38]"
61.1621240936354,49.1655200154731,2.4170542795721,21.0111347648109,47.660523434712,91.3296500601159,179.186491111855,1.00410424416892,887,0,1,"sigma.ar[39]"
91.2055583415138,57.7486108552696,3.10703910566117,40.6656400861617,88.2160817802719,138.753993519178,194.097522698723,1.04247808057247,52,0,1,"sigma.ar[40]"
80.5151943921853,55.3568917969388,4.03962808907554,32.3205400794591,71.5634753217053,123.282289498317,190.585395919902,1.02501468099668,91,0,1,"sigma.ar[41]"
109.849019094835,58.490318861385,6.08475145531362,60.599281549688,114.220757983341,162.511482558617,196.58253606583,1.10969282063069,23,0,1,"sigma.ar[42]"
63.5414586009701,51.7878695581059,1.82958924949273,21.4058322793611,48.2000278083321,96.7769114596274,184.528153536983,1.03021979869737,83,0,1,"sigma.ar[43]"
118.94267118115,53.0030593933926,8.26880669686627,80.5666325998709,126.485856732099,163.205689997861,195.783646223136,1.00810753799556,300,0,1,"sigma.ar[44]"
68.1227585536372,52.6905931353668,1.76314882936253,24.2271661155922,54.7622848884205,103.896990841911,185.740917460696,1.00109809374149,2985,0,1,"sigma.ar[45]"
50.9215443399859,44.4061703951223,1.91698839354467,17.1504233107013,37.0520891921978,72.3565182553301,170.153138907985,1.00080951919256,2284,0,1,"sigma.ar[46]"
99.3996391666481,58.5393522397206,4.1964510575066,47.970833709639,99.3015215208074,150.463104632075,195.167969698653,1.01676016071631,124,0,1,"sigma.ar[47]"
136.16073834503,53.4829774674705,12.5060525415112,102.018123361852,152.045171633503,180.066861025425,198.190262558772,1.02471193209194,141,0,1,"sigma.ar[48]"
72.3111185964509,53.4978579863152,1.76407532119779,27.0462747970793,61.322772469846,109.423545239395,188.025150994631,1.00688340706329,314,0,1,"sigma.ar[49]"
54.6752552199403,47.9506493577311,1.65344165241125,17.4511087930423,40.5554736509972,77.9415967587948,180.071548455534,1.03584675048728,79,0,1,"sigma.ar[50]"
62.4121755388151,49.324553682417,3.29651907083657,22.9695224779371,48.1379439098961,92.3199567829934,180.758006817602,1.00463179268364,598,0,1,"sigma.ar[51]"
100.041590791175,58.351973034218,3.4376944174576,49.453394907678,101.533257499536,150.037307480836,195.018310925535,1.02164821090783,98,0,1,"sigma.ar[52]"
138.784892274134,51.596222580739,9.71356742537812,111.023790747854,153.509289356016,179.956487013256,198.293475535993,1.00809244679821,301,0,1,"sigma.ar[53]"
128.729972400339,55.3311204437677,8.47856640667198,90.6311890915654,141.831191007611,175.920430954661,197.862789427403,1.00774147188526,311,0,1,"sigma.ar[54]"
100.664576421493,57.7319255691144,6.77480478426899,49.0457965316947,101.716312911139,151.243703136344,194.874640836271,1.02222790872651,97,0,1,"sigma.ar[55]"
107.203939890061,57.5892588407372,7.6977855739004,57.6983548070061,110.290137069633,158.040364558652,196.006618275034,1.03032973215319,72,0,1,"sigma.ar[56]"
134.983614643353,51.4696089636339,15.9617950809375,103.071328036123,148.628706688222,176.760664741713,197.878868465135,1.03392998572707,90,0,1,"sigma.ar[57]"
92.9391685900944,58.539118300871,4.01328158696964,40.3077316068526,90.3444854864681,143.251883912891,193.996778798053,1.0056319464068,726,0,1,"sigma.ar[58]"
99.7115710505978,58.171795512361,3.18717351401421,49.3809659541872,100.661313740666,149.976185774222,194.477335998938,1.00916521862909,264,0,1,"sigma.ar[59]"
66.9596963864155,50.9610368956984,3.50434999611932,25.6041156502386,53.9373387876137,99.1648479191698,184.803957782978,1.01582712972595,139,0,1,"sigma.ar[60]"
56.2012367854435,47.6257612207789,2.093014652329,18.5731809210111,42.0466199613044,82.1459594203866,177.456062316622,1.0093812501355,334,0,1,"sigma.ar[61]"
63.1128447922063,50.6563939596055,1.65311684137378,21.2050449246044,50.6244173107231,94.4097841343263,182.522740130475,1.003916564834,581,0,1,"sigma.ar[62]"
44.667763170122,41.6729300301229,1.30968719530931,13.8403564008114,31.9942688874346,61.3911502012315,161.928726402632,1.03560166289844,93,0,1,"sigma.ar[63]"
134.402483029025,48.7116795306819,32.73283494465,98.1735624043942,144.492803602549,175.929626409443,198.026789509218,1.01603970133756,147,0,1,"sigma.ar[64]"
64.5319787035848,49.1910440632272,3.23411326130234,24.4401390023667,52.9537973564796,93.8835409733288,181.503326667859,1.02704750925271,95,0,1,"sigma.ar[65]"
65.5555856810633,63.5653310213453,1.47526711014136,12.6402037184561,36.1526558409283,117.804931012162,194.09610149337,1.00323864305925,745,0,1,"sigma.ar[66]"
47.5601868801894,44.6372601042331,1.5023918864925,14.4742373455999,33.0056798290936,66.2805845272423,171.560601848451,1.00847363402719,685,0,1,"sigma.ar[67]"
92.7654555739674,56.7578958448986,3.48563313423716,43.5142203621307,89.7248813285657,140.506779282153,192.974947654368,1.00941344298669,224,0,1,"sigma.ar[68]"
124.873221092144,55.8349218428185,9.32451578857636,83.1201612591036,137.36947155456,172.459798284328,197.670864853485,1.04744972334272,54,0,1,"sigma.ar[69]"
57.991941728212,47.6258925557512,2.18931139669721,20.0912596226169,44.7098578392898,85.0450802266019,176.893314628342,1.00122526355332,1627,0,1,"sigma.ar[70]"
98.8429921863218,56.3914252484897,11.6004469403675,48.579589467134,94.9238392631191,148.084318036178,195.278687236569,1.00085421280808,2837,0,1,"sigma.ar[71]"
109.127807747501,58.4102034181199,7.00517559957595,59.8373360510108,112.845721210285,161.758016188959,196.394895610462,1.00208391696177,1051,0,1,"sigma.ar[72]"
75.9112457273453,54.2634983569212,2.63612764177717,29.8084275515665,65.2127404675775,115.718380007922,188.144818035006,1.00177960780935,1132,0,1,"sigma.ar[73]"
121.274754954104,55.089050946811,16.8099660422321,76.4042305197173,130.834413816889,169.757558541581,197.233951619711,1.01398480655858,152,0,1,"sigma.ar[74]"
98.8630043032668,56.705135058962,6.90164116886893,49.6580768340138,98.3163177365506,147.259677945914,194.413457453211,1.04366348220123,51,0,1,"sigma.ar[75]"
164.351646305769,32.0079540577624,81.458548595415,149.477820532249,173.057899384351,188.455610666488,198.906585672624,1.01285553392723,261,0,1,"sigma.ar[76]"
61.6567975135121,49.7444753940081,1.72541270311159,21.3655375591917,48.2947490280132,92.7492875684511,180.597341290005,1.03239444378202,68,0,1,"sigma.ar[77]"
50.3276823869628,44.0751252271661,1.96432679037332,17.0170569762061,36.4536561575386,71.4349483470624,168.388675737972,1.01137922892164,197,0,1,"sigma.ar[78]"
94.9840237430532,57.6283678662211,4.83795649948116,43.6897661905233,93.2319674197999,144.382495054611,193.90699332085,1.01750350885288,119,0,1,"sigma.ar[79]"
53.2724841910023,57.5666813195827,1.25353643827696,10.1747442451771,26.2286334519612,82.610146902164,191.103804005776,1.0200802494925,140,0,1,"sigma.ar[80]"
66.689018957478,51.8918710126008,2.71423603555,23.8645848476483,53.3173107471662,99.5835927849851,185.036006779307,1.03026176551032,78,0,1,"sigma.ar[81]"
168.288587410719,33.0506359361095,74.7446232207124,156.961800799034,178.390122112854,191.015238025291,199.219950004996,1.05793483338448,116,0,1,"sigma.ar[82]"
83.5864727690456,56.6368856694053,2.54406764173709,33.7602710506442,76.9306992341514,127.704094191319,192.113628582249,1.00177873148121,1494,0,1,"sigma.ar[83]"
106.775463066468,57.4390351509893,5.40556347490029,59.0685921121351,110.213118315233,156.818318684157,195.806187890503,1.00188361776683,1194,0,1,"sigma.ar[84]"
13.0067745673567,15.3444176007408,0.353786591209453,3.5910967961944,8.26560753125372,16.5404223586293,53.3438508288993,1.00802058937301,1530,0,1,"sigma.ar[85]"
15.5927510325833,18.8389150086208,0.326697412553903,4.33822720035458,9.77663874053339,19.6338993098497,66.0596804484123,1.07221282888922,152,0,1,"sigma.ar[86]"
70.2284448325865,65.4821284169226,1.01384479958838,12.0054407780256,42.0380910441914,130.062150388827,194.263624804783,1.01946779706626,120,0,1,"sigma.ar[87]"
59.5363549994483,49.749311651987,1.22892890387159,19.2718709537325,45.7359430628831,88.3412074041188,180.508577370406,1.00141143892072,2351,0,1,"sigma.ar[88]"
132.724894444581,53.3368805599684,14.2996425830448,97.1445983354591,146.817802103442,177.330131631894,197.84950413614,1.0155910472933,185,0,1,"sigma.ar[89]"
123.338974863638,57.7071844586847,10.0272140107178,77.0667151800939,136.69217914411,174.076614960028,197.835533903273,1.0072381054463,359,0,1,"sigma.ar[90]"
13.5138859030532,16.718194971738,0.388772958517877,3.65020247259558,8.23726333952298,16.7489100466718,60.7103780357066,1.00819307868854,2139,0,1,"sigma.ar[91]"
101.530880990793,57.1554246913632,4.80312805020399,53.5139297437903,102.413786339026,150.31536809045,194.986332057755,1.02220121199682,97,0,1,"sigma.ar[92]"
76.2189052359256,65.3769515968821,1.67441913379492,16.8629719560033,53.4770486774038,137.027569531025,195.027343142058,1.00268435565807,1122,0,1,"sigma.ar[93]"
65.4636136568106,62.6110051033987,1.99322966925568,13.0783798136399,36.5614277811552,118.630035516567,192.841717889857,1.01327563552084,223,0,1,"sigma.ar[94]"
58.7825167731717,49.3687187041499,1.98728347561148,19.3701372503095,44.464557842847,85.9591224047807,183.18442993488,1.02305490829976,165,0,1,"sigma.ar[95]"
67.9541989191698,53.1227778553279,2.0306466661631,23.3999103746544,54.0931693058858,103.831886171181,186.478639777008,1.00213353407718,2904,0,1,"sigma.ar[96]"
80.2480459757759,56.7996885606166,2.84673745768186,30.7149240941549,69.9851078478556,125.812974448151,191.167666469285,1.0017532872214,1584,0,1,"sigma.ar[97]"
49.6222427776236,45.2593961399897,1.65640367023845,15.0344445459879,34.9257893188344,70.3681307170151,170.34081372225,1.00464901846267,1144,0,1,"sigma.ar[98]"
53.0797332336264,47.3762139278903,1.87100662064132,16.1565259431136,37.6023265357512,76.8369060128231,174.210302711171,0.99994068500327,15000,0,1,"sigma.ar[99]"
64.803389880733,52.3100452786819,1.3227683555301,20.2778467501589,52.3066680002538,98.8738649855992,184.19126760606,1.00514182180825,417,0,1,"sigma.ar[100]"
91.3027577966259,52.631087436968,4.94106955697768,48.7595251196455,87.8842855029297,131.410247269928,190.986497307003,1.00225711462263,869,0,1,"sigma.ar[101]"
141.733643500216,48.4438453556621,19.4385347581404,114.098731811987,155.189175211122,180.460746263543,198.319519001505,1.0284109432082,97,0,1,"sigma.ar[102]"
139.424100556448,46.5904179837237,36.8648692576534,107.849686145727,150.259458991593,178.663914456948,198.150655371408,1.00943886411079,280,0,1,"sigma.ar[103]"
63.5827457831946,51.5144371995193,1.81938641943185,22.1563507324211,48.9017928858777,95.1045842859115,185.286939262933,1.01697608557457,135,0,1,"sigma.ar[104]"
72.6445196160089,54.6910882545876,2.90097554351686,26.772410819031,59.1078200456933,110.634912537209,190.048967802833,1.07966689513943,31,0,1,"sigma.ar[105]"
64.6767969076636,51.9057159997184,2.01565864436296,21.627724828558,51.7084611161408,97.1999542906972,185.788283642583,1.02171552862379,121,0,1,"sigma.ar[106]"
61.728431353081,50.0707763328057,1.04296490005629,20.968150229688,48.9668155123943,91.5348288836183,181.391013702835,1.0177004010913,154,0,1,"sigma.ar[107]"
127.319301876435,57.2251296365941,6.42934509213983,85.6087799724537,143.117950940639,175.672684285301,197.801434399758,1.00788733552539,346,0,1,"sigma.ar[108]"
59.787673033091,42.4673940029748,3.86655234477456,28.478024954783,49.3589923861949,81.3052558089331,169.744422056173,1.00357273688407,628,0,1,"sigma.ar[109]"
103.543600067364,60.3273697484195,5.78263210104754,48.1163647636893,105.372627470295,159.068378289255,196.399618051967,1.00115399884494,2075,0,1,"sigma.ar[110]"
85.1837614196367,56.7245661603648,3.55022553053457,35.8296451001155,77.3903075654754,130.63454559833,192.286716374037,1.00751665750221,284,0,1,"sigma.ar[111]"
65.1589899093207,52.2254020036263,3.02999177265047,22.2396837627423,49.8715592829763,98.2601271711599,183.390284478184,1.01602234507839,153,0,1,"sigma.ar[112]"
42.3659108014737,53.7333133729673,0.338059219291681,6.34511955534281,16.362377422839,56.6482914432066,186.015654760011,1.03483131749663,87,0,1,"sigma.ar[113]"
55.4141981895691,46.8648617677391,1.65974330872634,18.2186286642778,42.6160873932254,80.052934138741,174.951743627333,1.00549203953035,613,0,1,"sigma.ar[114]"
57.133549560757,47.4775919997633,2.57555684589429,19.1729560833003,43.6267514117601,84.1733953700283,177.180611915885,1.0141492196891,183,0,1,"sigma.ar[115]"
75.941102019638,55.491303297292,2.89764400334232,26.9034490285217,65.4301054795559,118.045276318733,189.935844807826,1.01538660665828,146,0,1,"sigma.ar[116]"
95.5030721174605,57.559136405148,5.14907570514012,45.522608460312,92.7486319277425,144.423864454555,194.29853816356,1.00429846594838,728,0,1,"sigma.ar[117]"
94.0479089733493,57.9715381341218,4.81638981359976,42.4709588234053,90.4238495393312,144.271687933305,194.226824759321,1.01189087940728,182,0,1,"sigma.ar[118]"
95.610000726324,57.6429180267938,4.41425634162755,45.541281469945,93.1198549902161,144.194670897888,194.596546915458,1.00851128168779,242,0,1,"sigma.ar[119]"
91.8239542035106,57.3621672503362,4.05910323226702,42.1784659683653,87.34721839305,139.612625898804,193.603164147708,1.01818519169483,116,0,1,"sigma.ar[120]"
132.033133350979,49.2029628935316,23.5827441795437,97.8468915308326,141.015519004801,173.694942762845,197.794069272549,1.02327188624617,117,0,1,"sigma.ar[121]"
94.5399650458005,59.5588145029541,2.51867430780476,41.1897114576005,92.6924947655168,146.205401246747,195.091899181623,1.01518824389428,141,0,1,"sigma.ar[122]"
115.02457218263,55.8145004538299,10.0551275191175,70.3853695033035,121.883720978849,163.225920569209,196.422499139316,1.0137068282926,161,0,1,"sigma.ar[123]"
66.374194356573,46.0903720533524,4.63491435088098,31.4245749134684,54.2958720643574,91.6056770360901,179.82067989009,1.00156104270162,1590,0,1,"sigma.ar[124]"
98.2617753394588,59.9784738791198,3.62830125945899,44.2006648918296,98.2254173092027,151.899859898698,195.186451118818,1.00981576449322,211,0,1,"sigma.ar[125]"
59.0234565380636,51.8849784345206,1.43035746367616,16.8279064988673,42.3178266519087,89.9413303840876,184.433660395446,1.01170697829986,316,0,1,"sigma.ar[126]"
106.348852075313,57.2570240966899,7.08302783381203,57.8386706046722,108.92195973721,156.446500593896,196.101246056921,1.00063515783044,3865,0,1,"sigma.ar[127]"
124.801014772871,51.5969707395874,15.6798085406879,86.5618888584587,133.018431427097,168.773801346652,197.230509186885,1.00576408975527,444,0,1,"sigma.ar[128]"
120.422615981656,55.9154964458545,8.65618039207779,77.8841190535719,129.467051612811,169.107580083052,197.123797090173,1.05964822765303,40,0,1,"sigma.ar[129]"
15.7424281688372,21.7935947528994,0.422194138760203,3.73929073687055,8.51121490927706,18.4343208522025,81.1843027378723,1.01512024810068,610,0,1,"sigma.ar[130]"
106.027510411107,58.9072390579313,4.6692351816462,55.6329761292467,109.301719690595,158.585942282089,196.075755653431,1.05715115838663,40,0,1,"sigma.ar[131]"
91.0731022408342,56.9412662461505,4.15126561984339,40.3743188377662,88.3411341312473,137.671729405751,193.044772988379,1.022335515702,99,0,1,"sigma.ar[132]"
87.7875821511476,55.9241442279008,4.31924712725255,39.8119523822931,81.6917718375681,133.183687925277,192.484220940042,1.0140604456856,158,0,1,"sigma.ar[133]"
74.5030521881643,49.736721970068,6.94897778751305,34.7852625928326,62.5240831577668,106.785135237534,186.409702569375,1.00587422483722,377,0,1,"sigma.ar[134]"
79.8631479497697,56.1280616300814,3.15511690006922,30.7037435570868,71.0504831918274,123.242034134941,190.432887079079,1.0079566623669,263,0,1,"sigma.ar[135]"
60.0247637414354,46.8018822652082,5.25752869655446,25.1495267959413,44.768184837315,82.7453476092011,180.394874536949,1.00087181269482,2305,0,1,"sigma.ar[136]"
30.1572132401254,33.6454057939654,1.18768430209565,9.61768050275069,18.5927919413628,36.0229157892452,137.059393118224,1.01200000081681,227,0,1,"sigma.ar[137]"
82.8121308817044,55.4498846827532,4.28435073771753,35.3064130306817,74.2391755312064,125.422417933422,191.397302339207,1.00218749258971,5128,0,1,"sigma.ar[138]"
83.5862087758043,57.3516251036883,3.43382350183488,33.4525825014344,73.6602112085413,130.124226782083,192.579710940181,1.02374592958285,89,0,1,"sigma.ar[139]"
39.0639838412795,39.4633664635904,2.00194400123782,12.5080943697394,25.4187268836871,49.9820398573123,158.663582925896,1.00050315003909,5194,0,1,"sigma.ar[140]"
36.065779429906,38.9114222505951,1.00465540653294,9.19039033894737,21.9184530418352,47.7558287893389,150.155402942989,1.01613279219622,263,0,1,"sigma.ar[141]"
44.7350355533129,43.9650606914808,1.56159465540212,13.3550981649973,29.5549726236806,60.5526200533249,171.902156497197,1.01223703816031,318,0,1,"sigma.ar[142]"
98.4009520533518,58.4452383446461,5.57123200329939,45.2890655235229,97.9497003622786,149.661195438204,194.699363445879,1.00542893417875,406,0,1,"sigma.ar[143]"
93.1877399392974,57.3308946582286,4.06601301452743,43.3146515282167,89.5570526806131,141.695356931327,194.371174777093,1.01963410878336,111,0,1,"sigma.ar[144]"
79.5435786276356,54.8378108377201,3.23536112175444,32.6568286740306,70.9409845399142,121.027631768615,190.163721066729,1.00120359367067,6030,0,1,"sigma.ar[145]"
93.5934662554283,57.4388082346628,4.32723722730127,43.4422426672722,90.8548786566748,141.63676815988,193.995871856232,1.00386281190568,546,0,1,"sigma.ar[146]"
32.5881051312579,37.2131508555382,0.798324839461176,8.08297228296735,18.9974387258461,42.2964060957428,147.971342786611,1.01081512703888,300,0,1,"sigma.ar[147]"
90.3520018104465,56.4563754612169,3.5589517025606,41.7423831595094,85.2489523927581,137.410136025634,192.86582704696,1.00308519167813,717,0,1,"sigma.ar[148]"
80.0980973060772,58.5559308651995,2.22682518858491,27.6412824151452,70.0153891671055,128.541737512619,192.525764090771,1.01187496490254,178,0,1,"sigma.ar[149]"
103.149582642694,57.0915034657596,5.13096770259152,55.6361530166851,104.674731102384,152.563973896011,194.873721719115,1.03941900431634,56,0,1,"sigma.ar[150]"
103.285207264896,57.2986251582244,6.17601788240254,54.1422361802007,105.780558041107,153.504449713527,194.992682803522,1.00036269352183,5158,0,1,"sigma.ar[151]"
55.0595075277356,46.9349755073853,2.49535029479966,18.7788971563215,40.5356627868515,79.3794066986874,175.687478561827,1.00372268454642,637,0,1,"sigma.ar[152]"
121.08918990982,52.8598101415016,13.5821584017553,81.1877458052174,128.822208504321,165.906701996238,196.753948720368,1.00409114452495,1094,0,1,"sigma.ar[153]"
91.9271050530992,57.2757213022715,4.9873501774329,41.7075245836689,86.6758089571143,140.540860108703,193.758608248789,1.00147842735504,1316,0,1,"sigma.ar[154]"
105.45578067816,58.4008908710886,4.99876513108361,55.1856899557851,108.9013449245,157.007831288087,195.823542585558,1.01093870095106,190,0,1,"sigma.ar[155]"
97.6531405383551,56.7807122738648,5.52781169466486,48.7564904689801,95.5807619128822,146.292625724476,194.618721294932,1.00470789980079,431,0,1,"sigma.ar[156]"
88.4107908163457,54.8912726251683,5.10535729650731,42.1666548465268,82.2990602768213,131.566483231952,192.307549982725,1.0012111707754,3443,0,1,"sigma.ar[157]"
109.512298651675,55.2866204688193,10.0935873568803,63.3840255410703,113.463946858366,156.899423324609,195.807404759653,1.00973982210908,216,0,1,"sigma.ar[158]"
92.9242755607816,57.1889003394838,4.19472177691016,42.7543772393962,90.1379648509419,140.89491054605,193.247876273353,1.00745613838463,272,0,1,"sigma.ar[159]"
98.3235392591999,57.1762720252401,5.81249935693896,48.8027160973944,95.9013884603844,147.426475059354,195.062193826529,1.00166336742955,2865,0,1,"sigma.ar[160]"
87.5073859671658,56.6974422743931,3.53341829108195,38.0893477833117,81.4108478452105,133.899507708907,192.596602756473,1.00579549800016,369,0,1,"sigma.ar[161]"
102.913983752804,57.0594895816665,6.33374166019622,53.6203842208642,104.882343207236,152.374673854606,195.025903993059,1.00361643019354,550,0,1,"sigma.ar[162]"
87.8267605856812,57.8127514687895,2.83012836066452,36.9003305627855,82.8331211870482,135.84371528838,193.024982142142,1.01802248351281,117,0,1,"sigma.ar[163]"
100.014154846701,57.2314381999996,5.16006400145665,51.4869140709197,99.6407645856617,149.110976373724,194.73880180409,1.00349722211461,631,0,1,"sigma.ar[164]"
94.1561863809506,57.2894145267687,3.85773437787055,44.1469853917544,91.0457197221873,142.070743645221,193.746168297502,1.0681058484163,35,0,1,"sigma.ar[165]"
93.3699403746824,58.470716536508,3.20888477688977,41.2763732423233,90.6825224650786,143.555710050414,194.187785291189,1.00386954160268,547,0,1,"sigma.ar[166]"
84.6465942908421,57.1898330646433,4.13336459437637,33.8688141986448,76.3722461535779,131.029402290897,192.469816874337,1.01692935288343,124,0,1,"sigma.ar[167]"
79.8211670865765,47.8016843133417,10.1537743752264,41.7539015839959,70.528871733042,111.324233039474,185.762358947098,1.00157669855658,1440,0,1,"sigma.ar[168]"
93.1233173630362,57.949555622942,2.73383382260224,42.5157237559415,90.740702615415,142.162248988484,193.552269685723,1.00558279687051,409,0,1,"sigma.ar[169]"
104.532143415172,56.1510937695807,8.07055562933002,57.1165908447703,105.365157875544,152.951479198708,195.025977926239,1.00278948332348,701,0,1,"sigma.ar[170]"
97.6852353764416,58.3431939624321,4.15897124670131,47.0704294076642,96.6172255782222,147.91481986626,195.48574170424,1.00033747422029,9508,0,1,"sigma.ar[171]"
95.8741833595973,57.9650439949386,4.04897217375045,44.6354198148661,94.9013015585529,145.661443577186,194.148932330602,1.01185962424815,176,0,1,"sigma.ar[172]"
94.712901556436,58.4326584080447,3.30615862160646,43.4363880766253,92.6767150359614,144.813936161038,194.363084441848,1.00345609446774,611,0,1,"sigma.ar[173]"
80.9422488925534,50.6541752888864,7.26335824111818,40.439519210091,71.4763375214327,116.380007899776,188.843162359826,1.00107284554754,2067,0,1,"sigma.ar[174]"
98.6843487025327,58.5736809535124,5.20684169199072,46.0686659623044,98.8502029907895,149.755677866976,194.702593518674,1.00253305997139,802,0,1,"sigma.ar[175]"
98.3657297044254,57.7907533548338,4.64379500395704,47.3796688582264,99.1616853707629,148.024498105657,194.497817787573,1.00780416600783,263,0,1,"sigma.ar[176]"
114.815662226734,54.7647182705645,8.60073496992487,72.1822206613767,121.074060509699,161.24483315472,196.144827858425,1.00769047967192,279,0,1,"sigma.ar[177]"
54.7633542226998,46.4213499566205,2.3571291175215,19.665760848912,40.6257604509315,77.414630791487,176.8896086543,1.00241109973377,2636,0,1,"sigma.ar[178]"
102.757540045477,56.8665905654149,7.19137561376584,53.8092658631689,103.991105055682,151.778431219173,195.376947563399,1.00264761262805,740,0,1,"sigma.ar[179]"
101.988605197177,56.3373510409379,7.12928531600341,54.1586772632394,101.582787008306,149.789565867505,195.164122473806,1.01177207783097,181,0,1,"sigma.ar[180]"
121.611284700019,53.2223300933678,15.057795202061,80.6656270760562,129.06251774934,167.640946935535,197.001454564368,1.00034310538007,7049,0,1,"sigma.ar[181]"
27.6265949092353,34.2134320926619,0.914351959184245,6.72492292477884,15.1465427243666,32.9721093421613,138.520277994706,1.00252237726325,9981,0,1,"sigma.ar[182]"
94.4180081928184,59.094744712147,3.33241491141272,40.7139399058484,92.92523828136,144.939722847562,194.503216245034,1.00377017174212,533,0,1,"sigma.ar[183]"
100.707480391312,58.1226693520956,4.42470467069121,49.7592129384922,101.287327336535,151.59141389362,194.756295573517,1.01207001665394,174,0,1,"sigma.ar[184]"
101.648477686859,57.0477421075197,5.33119170702982,53.0415924653329,101.941884178427,150.473437413971,195.493591302679,1.0049145800639,412,0,1,"sigma.ar[185]"
115.950199700443,56.167386651105,7.03255123256679,72.6349224316408,123.220106127937,164.584257408106,196.692907586371,1.00027683895862,14873,0,1,"sigma.ar[186]"
94.0046257151717,57.7752822566335,4.32963030752404,43.1370594699306,90.4282242771114,143.397887721339,193.863580504145,1.00799064105185,262,0,1,"sigma.ar[187]"
88.881220179426,56.9187402575329,5.07567136276884,38.8240350885458,82.5333007472769,136.497071493749,192.670709842827,1.00663979518021,310,0,1,"sigma.ar[188]"
27.0584575981889,33.7888323450279,0.695557672435627,6.52006481056507,14.9325635145342,32.4748892720759,135.23361751947,1.00303702261224,948,0,1,"sigma.ar[189]"
33.7307617556385,36.7807063796345,1.19019726981466,9.20503771901389,20.6517201566057,44.0287724938307,144.115075880928,1.00468748899071,983,0,1,"sigma.ar[190]"
42.760732667031,43.2580345631194,1.19618751456545,11.8205350358078,27.3715281461072,58.1004433729943,166.261406192466,1.0013115741776,1694,0,1,"sigma.ar[191]"
28.1514525965488,34.1479501910726,0.803889453186674,6.91363414500583,16.0214118028598,34.1649040270176,137.501862802723,1.00958386686129,415,0,1,"sigma.ar[192]"
93.2269372035105,57.9317396562366,3.30759369772583,42.491560818193,89.9279429806488,142.578589960681,193.693680886043,1.02472332893527,89,0,1,"sigma.ar[193]"
102.856573013645,57.472667854171,5.4012983480447,53.1636039067491,104.238951380864,152.642060915337,195.219671938582,1.00915995727386,222,0,1,"sigma.ar[194]"
124.144827584022,54.1772399662484,13.4838281726227,83.8037524534514,134.399636761841,170.614648879724,197.209740872154,1.01881950598387,114,0,1,"sigma.ar[195]"
124.363933717826,52.9628891508562,13.1278066585207,87.0790769357449,133.76434013483,168.927297663502,197.216382981906,1.00196117797992,1475,0,1,"sigma.ar[196]"
100.334116687799,57.0690964448105,5.14674409212637,52.0391129243547,99.3231963014061,149.221359600498,194.73535476774,1.01083678124561,189,0,1,"sigma.ar[197]"
97.5785382278085,58.3599605538148,4.30556208637506,46.3053721834465,96.2913509639822,148.051436694979,194.900485521696,1.00547879776068,380,0,1,"sigma.ar[198]"
96.8133688358962,57.8139042847565,3.87747415582052,46.0741709888181,96.0835271429781,146.228595369452,194.254379926461,1.00533972665818,390,0,1,"sigma.ar[199]"
96.2971547829125,55.8955693879333,5.12431821941885,49.0431684694394,94.4222218212654,142.849876108593,193.352418239603,1.00636967824793,317,0,1,"sigma.ar[200]"
104.905866946958,59.8662380298227,4.77079525110089,52.642897609217,106.67199242037,159.249526408956,196.425152727956,1.14217356858013,18,0,1,"sigma.ar[201]"
90.4184141970142,57.4643238867113,3.54807256111844,39.6912702576049,85.7168994272391,138.295069324668,193.623322557912,1.0002477761843,6163,0,1,"sigma.ar[202]"
57.6358606323815,48.5734464460799,2.33512865027533,18.5627882876279,42.7631868721204,85.3677837757293,178.315705483905,1.00161911692089,3876,0,1,"sigma.ar[203]"
118.965385672312,55.7231594997974,8.64552900449511,75.5379939455352,127.703426363431,167.434424047938,196.923940419029,1.01554218102026,147,0,1,"sigma.ar[204]"
72.548104078393,49.5275723396403,4.83717909318591,33.1068242212423,62.1030750946867,104.086295673351,185.521544890334,1.00138284800226,1387,0,1,"sigma.ar[205]"
44.7519086493988,42.6913021929404,1.11257591716719,13.275059564555,30.8061397707959,62.2871910727814,165.368569815328,1.00916473225427,326,0,1,"sigma.ar[206]"
58.8637265427715,47.218774630473,1.73034122418163,21.7484098565586,46.6152469031738,84.8116585585011,176.396471916209,1.00311737797371,659,0,1,"sigma.ar[207]"
35.0523681354544,38.9200498392559,0.957975393571319,9.17304465264918,21.0799753288515,44.716735344324,156.280153582026,1.00024940396933,15000,0,1,"sigma.ar[208]"
103.241754572146,57.4399890718991,6.00851876348005,54.1739774760599,104.875237498746,153.258976910493,195.071111208223,1.00421372030467,515,0,1,"sigma.ar[209]"
99.2223033520062,56.6382605501157,5.31760292371479,51.0342301394329,98.1654449920091,147.186887066041,194.776674900086,1.00410149225079,486,0,1,"sigma.ar[210]"
101.94950202061,57.1462535143808,4.73310415227309,53.5155544155352,103.901730387861,150.836790926709,194.746517171544,1.00408090130552,529,0,1,"sigma.ar[211]"
110.082848722661,58.0953097908567,6.46412287562118,60.7880701811635,116.223516280933,161.041032155385,196.2170959807,1.0094757265922,232,0,1,"sigma.ar[212]"
36.4331778512908,39.8711511253284,0.570397554593297,9.33873012426281,22.1524722333297,47.7283795792644,155.69211669337,1.0007034552378,6284,0,1,"sigma.ar[213]"
95.3598521952843,50.1446498503367,11.328958946071,55.6770578877869,90.6300681455454,132.876358940921,191.864658558859,1.0011321195658,1655,0,1,"sigma.ar[214]"
114.790120454991,57.9044198317144,6.66126471395463,67.2505968255261,123.813648702876,165.38304020592,196.892789946994,1.00172230237414,1262,0,1,"sigma.ar[215]"
116.278760036051,54.3682219147915,11.1512390750933,73.8856379922061,121.651007334718,163.487552408229,196.495595233834,1.00105941065144,1856,0,1,"sigma.ar[216]"
37.1719750908571,38.5263118358798,1.04990905280362,11.0096952305002,23.9380275018575,48.7513257809679,154.227058846379,1.00159806595319,2350,0,1,"sigma.ar[217]"
40.4666524379772,41.774356311052,0.859840639515415,10.5462226076222,25.8294008892033,55.1978229653891,161.364924728857,1.00010276858767,15000,0,1,"sigma.ar[218]"
38.0408902938624,39.2709434515475,1.11670039445526,10.833527392321,24.3475925256728,50.3028420659485,154.496889515656,1.004413366761,1324,0,1,"sigma.ar[219]"
115.277759485233,58.8424709803334,6.83008789077928,65.1511930236865,124.617919136989,167.773049459569,196.975647530726,1.00064913185394,3096,0,1,"sigma.ar[220]"
44.4458809862698,43.5204560667944,1.14730936678588,12.5439281672985,29.7630728253777,60.748571438733,167.098960936635,1.00482990963136,489,0,1,"sigma.ar[221]"
41.9033990413296,42.1021787857277,1.310428289719,11.9244876404186,27.3012544361638,56.7771035765182,163.595807487507,1.00269486889324,1489,0,1,"sigma.ar[222]"
108.867947999476,58.3234259427933,6.6626122871981,59.2496362235016,113.497345502996,160.822238595391,196.448292669424,1.00132413180481,1456,0,1,"sigma.ar[223]"
112.842011509988,56.7855465990761,7.70127126071343,66.6514304406957,119.021499143092,162.407787723038,196.484167736619,1.00001048228626,15000,0,1,"sigma.ar[224]"
112.516624409515,42.3686538013429,41.9695903834251,78.6449346843595,108.219487684805,145.508710612364,193.068842821881,1.00019658734567,7835,0,1,"sigma.ar[225]"
37.5149392086347,39.060967917479,1.0810896009389,10.9469399469463,24.1667423315678,48.9760070343863,155.946663022329,1.00165623947824,1981,0,1,"sigma.ar[226]"
40.5419066526393,41.3773938404268,0.962453633007469,11.3089177758852,26.0343536610264,54.3628115716406,159.960861320965,1.00183268087998,3014,0,1,"sigma.ar[227]"
100.775959786064,57.6963207285109,5.27058458427478,51.0773994571015,102.125018851635,150.97156193598,195.060743950418,1.00038363656122,4406,0,1,"sigma.ar[228]"
145.392654257829,36.9292434370252,67.1707242252294,119.555039179431,150.497432822746,176.146282024787,197.655723869792,1.00053788409101,3478,0,1,"sigma.ar[229]"
99.6564248485014,57.8622577090069,4.3356475675654,49.5601826751032,99.2795710669015,149.536764001846,194.948078986276,1.00043962105695,4312,0,1,"sigma.ar[230]"
81.0995955608074,51.6047855415812,5.68252139906327,38.9238342680934,72.2275950880457,118.560471561716,188.616434632703,1.00037624347267,5017,0,1,"sigma.ar[231]"
101.284316349542,57.336632145936,5.93356138214398,51.8480983555308,101.640470811171,150.749478429806,194.728223922078,1.00174681159209,1176,0,1,"sigma.ar[232]"
62.7847650949052,47.6901757438441,3.25238875761976,26.027278673203,49.8682891456991,89.3198624956148,180.592555410678,1.00057192448864,3703,0,1,"sigma.ar[233]"
100.961025948825,57.768270817049,4.1700702461062,51.4056555477383,101.581421854912,150.729308359149,195.246692311679,1.00301063263671,736,0,1,"sigma.ar[234]"
52.3827920925042,45.0391107638619,1.78343355099177,18.136888819518,39.1629388054288,74.0114954316604,172.451575222342,1.00144419024864,2080,0,1,"sigma.ar[235]"
113.361410311452,56.0744763416032,8.29355864872122,68.2679810095254,118.992819284691,161.937635304993,196.540883307856,1.00033563309816,4737,0,1,"sigma.ar[236]"
59.8112578386092,46.4789632663226,2.3603712382019,23.7247534045091,47.5869963752593,85.6086630649845,175.438275848186,1.00167362135716,1498,0,1,"sigma.ar[237]"
44.6785047011631,43.4165446886865,1.19926095117247,12.8486905139341,30.1818828332377,61.4013349675222,168.447095294189,1.00151904075597,1779,0,1,"sigma.ar[238]"
62.0631039001071,47.219529178145,3.49826075596106,25.5967592724087,49.5303080553545,87.1927266713918,179.811000552133,1.00190179618267,1556,0,1,"sigma.ar[239]"
43.8404169219046,43.2588423444502,1.27467519664527,12.7053005305007,28.9279125650745,59.4970635426875,166.059474336402,1.00352143907187,1053,0,1,"sigma.ar[240]"
38.8796387859714,40.6157650193391,1.00229840427584,10.620418081809,24.4112263715021,51.5492984005102,159.578532029043,1.00076934681246,3786,0,1,"sigma.ar[241]"
136.129441633519,36.8034395371183,66.9299361578481,107.259241819329,137.075790318553,166.696664893705,196.515469813507,0.999979021844183,15000,0,1,"sigma.ar[242]"
111.899566602846,59.0426043676443,4.70179776377687,61.457666543392,119.733462032013,164.499418849112,196.693841730481,1.00965255162411,215,0,1,"sigma.ar[243]"
117.391976666182,56.0594140821884,7.40907957789397,73.8463332903873,124.664081870848,166.154396946009,197.039917918331,1.00103803958178,1811,0,1,"sigma.ar[244]"
37.7642786041335,38.675883016324,1.00266478790502,10.9226120206355,24.7245357153648,50.4850110894051,153.37903437299,1.00109244661845,4150,0,1,"sigma.ar[245]"
57.7023596616913,47.3890145716581,1.84053574682711,20.0305566890888,44.7053186539337,84.0179227334391,176.182138125332,1.00139865570587,1438,0,1,"sigma.ar[246]"
117.35238305572,58.3342958568673,7.3810674743504,68.7904219654777,127.410159011752,168.959494707188,197.274908202844,1.00159927256975,1183,0,1,"sigma.ar[247]"
34.5341187806244,38.1026292756009,1.09017509524243,9.28418155084947,21.141632179912,43.983515131141,151.862314823039,1.00107722102564,4871,0,1,"sigma.ar[248]"
44.6636266514622,42.4471329330586,1.28876154712676,13.292882754454,30.8807597935294,62.1312819161456,164.222068904,1.00134034301104,1721,0,1,"sigma.ar[249]"
111.100780512493,58.8880065638516,6.7577777368372,60.6929859010096,118.146537423812,163.907079252073,196.49539000536,1.00456908897031,475,0,1,"sigma.ar[250]"
115.848998652574,56.9462814148933,7.89817640063034,70.1529324660174,124.477062709333,164.942425452825,196.774354948027,1.00274778250948,776,0,1,"sigma.ar[251]"
120.322967673353,54.02242018373,10.8671366730328,80.1134293383958,129.02282204581,166.083499758372,196.809671722166,1.00372999563393,641,0,1,"sigma.ar[252]"
71.2888678966976,50.711858907355,2.98831253887888,30.2847630953577,60.5653224964118,104.93550770733,184.832499627557,1.00148698238531,1489,0,1,"sigma.ar[253]"
57.0641639594232,48.7068963042702,2.15099457153651,19.1353578617041,41.6877554695379,83.0553262120972,179.854202846033,1.00102025633892,2228,0,1,"sigma.ar[254]"
114.839929343821,57.7590369128035,6.71656742212762,67.4691952096748,123.278624120175,165.376624261251,196.821929713012,1.00266595035918,758,0,1,"sigma.ar[255]"
151.52759810724,32.464629909221,81.6203930140422,128.799436909013,155.839330332416,178.303037011259,197.941562951838,1.00003593004105,15000,0,1,"sigma.ar[256]"
40.4692304731054,40.4209985859997,1.2223529956825,11.6301197585471,26.6195152517608,55.1164246902656,156.757276410779,1.00164802979211,2516,0,1,"sigma.ar[257]"
86.9579334899474,53.0138609614115,4.71011004523747,43.9801148502034,80.5414277530558,126.601430392103,190.998630189089,0.999972962187676,15000,0,1,"sigma.ar[258]"
98.564251827946,45.7873138585425,27.5707695588891,61.7107151530614,92.4343895458306,132.682038690553,191.108498362083,1.00015589672318,7986,0,1,"sigma.ar[259]"
114.818943729488,55.1198139531299,9.20919477574416,72.089112375958,121.088368114572,162.37653858839,196.180947171504,1.0009464642133,2219,0,1,"sigma.ar[260]"
103.639303349389,46.4848189968855,25.7803670684382,66.7439895364534,98.818098432051,139.051517869681,192.704508914864,1.00025156129689,5824,0,1,"sigma.ar[261]"
38.3393174076834,39.8811472719292,1.18225013481049,10.6724237748228,24.6156497001162,51.3334105555339,157.401727336787,1.00258120722552,1486,0,1,"sigma.ar[262]"
46.4916043030985,44.6222935922147,1.1820885938463,13.489719106773,31.021858453808,65.0524434734817,169.011086187892,1.00130378006935,2052,0,1,"sigma.ar[263]"
66.2506697381526,48.9523938198909,2.45517077727327,28.0357076991754,54.1375816480264,95.4677836940617,182.244735845736,1.00070761816876,2487,0,1,"sigma.ar[264]"
108.876675681638,58.8687884632713,6.96387083711268,57.5754347440138,113.689956137231,161.512248418084,196.508317507848,1.0064303055027,323,0,1,"sigma.ar[265]"
45.9791439808129,43.1358101556745,1.18371194580362,14.0314007050359,32.1152487576726,64.4188376986734,165.177560077083,1.00182055043212,1629,0,1,"sigma.ar[266]"
103.680967230009,59.3290122448307,4.51855238369891,51.4951030311246,105.934068044823,156.772746531024,196.015367483433,1.00064913206828,2959,0,1,"sigma.ar[267]"
104.842360322505,58.3827719020419,5.83462468615787,54.5952286536348,106.468392543167,156.659799678632,195.929466107249,1.00018678658307,7088,0,1,"sigma.ar[268]"
42.7723825090288,42.5442035608001,1.08626126668018,11.9420473808522,28.0663241417785,59.8301475646389,165.096696110521,0.999931870582295,15000,0,1,"sigma.ar[269]"
41.1376363364477,41.5872848970204,1.0595508339212,11.7530816109576,26.6797284940906,55.6131521676104,161.816971134808,1.00034706922322,5734,0,1,"sigma.ar[270]"
106.436073318794,58.0394040298838,6.70463750661326,56.8688017573056,108.899038619947,157.646175204258,196.282430614784,1.0001857794986,15000,0,1,"sigma.ar[271]"
62.0586453561935,49.5835780295263,2.29271736023936,21.9985490604343,48.8718418472034,91.21298787284,180.585441195902,1.00153654060724,1643,0,1,"sigma.ar[272]"
105.965245253134,59.0041698436916,4.72172298364373,55.0882898537753,110.01151912283,158.225789952115,196.279033179009,1.00076346710836,2324,0,1,"sigma.ar[273]"
107.755028128769,57.9811793989036,5.76437242626136,58.7760286773817,112.309624256973,158.694732407002,196.268123165254,1.0000734610238,12112,0,1,"sigma.ar[274]"
96.7098951655508,54.7024595384483,5.81997385490495,50.9836286432131,94.5247127739312,141.78903988998,193.065654292545,1.00023513154555,6650,0,1,"sigma.ar[275]"
60.6695455355416,49.4480995018728,1.68327001928205,21.0201357435164,46.8579401043427,90.0142096354781,180.766114711567,1.00034150509483,5047,0,1,"sigma.ar[276]"
42.8923122678342,41.953029775757,1.1930231153572,12.5306277953849,28.9196862026269,59.0618475946328,163.210535760884,1.00123971644787,2994,0,1,"sigma.ar[277]"
46.9513884409262,43.8011309126447,1.43489299233144,14.3763081010515,32.8154149392079,65.5962070452237,167.957441862985,1.00003589518908,15000,0,1,"sigma.ar[278]"
112.767930545153,57.5305348693078,6.8352743473983,65.1218550482421,119.775989576082,163.354640026578,196.334182876684,1.00033548316574,6376,0,1,"sigma.ar[279]"
117.918297826638,46.3338545015091,29.6856887296165,82.3083317642953,118.720208830449,155.217261750657,195.612253852498,1.00027018335143,15000,0,1,"sigma.ar[280]"
113.255040092718,56.7996008797557,7.05519123548212,67.1278772907091,120.15718999995,162.630881480024,196.373637469545,1.00103811173655,1773,0,1,"sigma.ar[281]"
64.519233431264,49.3297190190004,2.53575778328756,25.178115960149,52.1426880561141,93.9059380015108,181.752444891228,1.00042594780567,4380,0,1,"sigma.ar[282]"
40.7549645610896,41.0153761346585,1.04618806667187,11.600319631519,26.3285785216785,55.0954586675362,160.295644415458,1.00064294435565,6717,0,1,"sigma.ar[283]"
71.2292513217588,51.0542335874344,3.04736719974865,29.5157525018944,60.9052113475169,104.419007798478,185.926298190499,1.00098791302883,1927,0,1,"sigma.ar[284]"
72.718297240639,51.9637051115203,2.78414476890114,30.0705176197869,61.9528094258814,108.548192489492,185.549557176438,0.999932960855822,15000,0,1,"sigma.ar[285]"
104.164195125619,58.6532291693641,5.20585717847431,53.320063341761,105.984308286646,156.025619277849,196.098267695964,1.0000746151987,15000,0,1,"sigma.ar[286]"
113.633570801224,51.9658392554234,10.7100204422336,74.3056501136358,117.399867062189,156.818462085362,195.028090030594,1.00016336155418,8891,0,1,"sigma.ar[287]"
70.6266149124633,51.5623374966425,2.88774331765883,27.7092227122485,60.177538383684,105.447450027873,185.735568020076,1.00063249974933,2948,0,1,"sigma.ar[288]"
112.422028529856,57.2066225326656,6.58032376720312,66.0421117230481,118.497216126769,162.681888742917,196.567355848612,1.00048921130105,3580,0,1,"sigma.ar[289]"
54.5228708432916,47.1582554773952,1.82870401242993,17.6977002077062,39.8956769560202,78.5140570652043,176.323278228862,1.00012670894482,12593,0,1,"sigma.ar[290]"
116.876817207285,55.3530263343661,9.17893907616502,74.4729982559667,123.901926118568,164.928732472052,196.511664890062,1.00052536440902,4325,0,1,"sigma.ar[291]"
44.629256861894,42.5428146763865,1.25015681747422,13.4265074855344,30.8025517416799,61.6774550714232,164.601757695791,1.00117029956377,2154,0,1,"sigma.ar[292]"
102.500788988691,58.375328054107,4.2798560114336,52.1825472459905,104.558611264153,153.394376394334,195.375664135513,1.00235026289885,867,0,1,"sigma.ar[293]"
68.3366555341998,48.3658709809685,4.54614844379841,30.410809645894,56.7779907666091,97.2896344990553,183.038147658282,1.00023751204005,7405,0,1,"sigma.ar[294]"
106.005586846247,58.4942108121776,5.97124161153653,55.2070982106691,108.285974210122,157.960968570391,196.44492127361,1.00091335324873,2296,0,1,"sigma.ar[295]"
86.6557184256377,50.7462434898391,6.57740081987314,46.8598438522553,79.4611726829501,123.684897255384,189.97721705109,1.00005808316377,13414,0,1,"sigma.ar[296]"
131.221514335038,42.812369367805,41.4861523015702,100.535293021349,134.306423798314,166.33575797536,196.465036044037,1.00078540705733,2876,0,1,"sigma.ar[297]"
45.2918920106967,43.3738861974095,1.25667166172472,13.58195228403,30.9083034980622,62.6320390212283,166.833243166234,1.00019982495675,15000,0,1,"sigma.ar[298]"
106.704558195442,58.327290606435,5.8223202367875,56.574654131288,110.449391504283,158.077428768935,195.977058240183,1.00021879232262,6678,0,1,"sigma.ar[299]"
87.6937800728727,53.7051495436195,4.59257674197636,43.3410847994357,82.1172595137522,129.300132676341,191.372974477899,1.0009905031073,1869,0,1,"sigma.ar[300]"
55.7180156150395,47.0515782104892,1.99773080813402,18.8110364210525,42.0853387147147,81.0961918119939,174.265087860423,1.00001571542194,15000,0,1,"sigma.ar[301]"
94.9988078633011,52.7374332628876,7.35064577631026,52.3561134092361,91.4115735924352,136.435438158992,192.017255909452,1.00002347550387,15000,0,1,"sigma.ar[302]"
49.4063817698904,45.0391873206005,1.51357591567289,15.3359475684296,35.1660964413658,69.8989805701687,171.561980794707,1.00065550223948,3654,0,1,"sigma.ar[303]"
51.2896033310447,45.5971148029468,1.6803937530032,16.2202482676809,37.4403762946885,73.2268014989094,172.161978090904,1.00157423498315,1756,0,1,"sigma.ar[304]"
97.0667959015251,53.1851553881727,7.34636050155393,53.9399036975176,94.2802011692026,139.349210279134,192.970632772752,0.999977251966883,15000,0,1,"sigma.ar[305]"
42.1529782065454,41.7236006337773,1.00768616793264,12.3289976775758,27.9191045624764,57.4033535491364,162.599964835177,1.00010400033728,12395,0,1,"sigma.ar[306]"
49.4269993763349,45.2747309841798,1.48164417966948,15.1368981293164,34.6466137773279,70.5084033906439,171.784731096998,1.00061317508477,3431,0,1,"sigma.ar[307]"
137.055178869987,48.5395118125154,16.3346404880427,110.366201036777,148.151750596742,175.169892958917,197.729391739641,1.00062912111368,4039,0,1,"sigma.ar[308]"
176.863910676759,18.1373943807318,133.594239767784,166.044347943082,180.855429685333,191.549794123087,199.272966337331,0.999916756023309,15000,0,1,"sigma.ar[309]"
108.123403499529,58.5542207872466,5.8885944727244,57.8265657445428,112.662928823779,160.091040326188,196.12920759735,1.00008373860159,11044,0,1,"sigma.ar[310]"
98.4973961101694,47.4934788249286,19.7692575720866,61.4737385812141,92.8113483760862,133.765035466895,191.542521508774,1.00001508400836,15000,0,1,"sigma.ar[311]"
113.18036395145,56.977961986968,6.95863784314361,66.4411881852013,120.221626692065,162.963613841757,196.49435913034,1.00090743536168,2152,0,1,"sigma.ar[312]"
117.883179883625,48.0836646832934,24.0947062660061,81.0586960748947,119.616358676,157.939305905546,195.232849224658,1.00005407939244,15000,0,1,"sigma.ar[313]"
56.0048426749046,47.6847650565448,1.42086387228666,18.3987679944491,42.2491356931522,81.3383516068796,176.273010742081,1.00004077594686,15000,0,1,"sigma.ar[314]"
118.941385302686,55.0138276921627,8.43502658867365,77.3326591344381,126.797840483518,166.023190408192,196.586272999868,1.00114987687219,1772,0,1,"sigma.ar[315]"
72.5418617291237,52.0025400321883,2.84995369609776,29.6274172459649,61.4382926691473,108.224271488719,186.325423548433,1.0004337146237,4152,0,1,"sigma.ar[316]"
48.5386243974335,45.0321256444116,1.4392415979423,14.713836023705,33.8203175550308,68.318824508116,170.817243452552,1.0001916144228,10618,0,1,"sigma.ar[317]"
45.8805824282792,43.0267240440474,1.38284232624086,14.200320467596,31.7610233769692,63.7499961543191,165.401519633661,1.0010525362049,2932,0,1,"sigma.ar[318]"
57.1620146831559,48.4622320583285,1.79768891599261,18.7017294493637,43.0250180635134,83.5876113809944,178.717693621305,1.00035136755164,9654,0,1,"sigma.ar[319]"
50.7070607283457,45.6285787292081,1.50469525105854,16.1743109583627,36.3845777363087,71.5151947752259,173.987293442035,1.00049035020311,4386,0,1,"sigma.ar[320]"
56.0082403109249,47.6040159620375,1.91166086767189,18.770214635574,42.6678338398665,80.2664995560502,178.219227401524,1.00043976999604,4143,0,1,"sigma.ar[321]"
105.080311466321,57.9365631733514,5.51061483581179,55.8893317819809,106.899320032474,156.703907609961,195.914650359224,1.0000155200185,15000,0,1,"sigma.ar[322]"
110.997726538624,57.8993648750096,5.55155791765328,62.8560592372182,117.431363853191,161.788084686347,196.377608719247,1.00114482994506,1734,0,1,"sigma.ar[323]"
106.696106770464,50.9649510968845,12.5702272984957,67.1129575068976,106.578823897633,148.272810775048,193.944829275735,1.00248731113444,856,0,1,"sigma.ar[324]"
115.906649413214,56.4211947327426,7.09410045712639,71.7019210001793,124.142878538257,164.888689686373,196.730365823096,1.00162210388531,1226,0,1,"sigma.ar[325]"
97.302314110444,52.7569896946941,7.05598877805364,55.2087568498166,93.7491539593931,139.76491684444,192.593887665589,1.00061882527539,2796,0,1,"sigma.ar[326]"
91.335038791475,48.2271996325079,14.0489692081326,53.2236523489837,84.6645837325955,126.270459361761,189.351374975024,1.00034184824025,4605,0,1,"sigma.ar[327]"
52.4855664794082,46.658601353416,1.54709479940167,16.5522880799734,37.7883590711072,75.3548266734004,174.781530278183,1.00182284126438,2090,0,1,"sigma.ar[328]"
68.6640098608616,50.7366590850975,2.6731247322484,26.9629063063187,57.2991126929083,101.758705950976,184.06599905141,1.0009554211357,2001,0,1,"sigma.ar[329]"
48.5747619253614,44.9426604316023,1.4033288940782,14.9996189504258,34.1291119716929,68.1487964200313,171.315952111973,1.00018635337421,15000,0,1,"sigma.ar[330]"
110.046231161648,58.1903506328609,5.89848562148817,61.2911854490864,115.253435118987,161.902884734574,196.616294860445,1.00086088917145,2415,0,1,"sigma.ar[331]"
43.2256335703671,42.3262788571108,1.38744015279709,12.8928524857432,28.9414864432814,58.4671475987796,165.841981008802,1.00040133746453,6517,0,1,"sigma.ar[332]"
105.989463256392,45.1023920400787,30.2636233308176,69.8651071521069,102.402935796589,140.522294448219,191.799936182297,1.00002224339049,15000,0,1,"sigma.ar[333]"
117.976037116655,48.0483018706081,23.0785093767213,81.4660949688478,119.735194317979,157.651828334807,195.323425519624,1.00007398912649,14059,0,1,"sigma.ar[334]"
106.327149850527,58.8160623925803,5.50312645113613,55.2638037167639,109.596598963862,159.466055514199,196.015555782094,1.00028330422221,6312,0,1,"sigma.ar[335]"
107.925876974155,58.4896854815249,5.38752105258377,57.6665830361015,112.359409353103,159.951664409781,196.236751395661,1.0009437364876,2019,0,1,"sigma.ar[336]"
51.4072434766385,45.8897470590248,1.63336743506677,16.0806898858278,36.9985478956844,74.2254023699327,172.125906660488,1.00071290408547,4501,0,1,"sigma.ar[337]"
113.909550394311,56.6377613967461,7.02685616459746,68.0979950310621,121.524189927836,163.229850229268,196.379770794411,1.00071862787178,2544,0,1,"sigma.ar[338]"
116.445426032198,55.377810814079,8.81239134673523,73.6154498242703,123.434456810839,164.0513053753,196.537870961191,1.00046357785272,3718,0,1,"sigma.ar[339]"
115.658274599546,55.1899010984415,9.13025481294032,72.5555758830475,122.411436939797,163.507704998178,196.654472059911,1.00018489725611,15000,0,1,"sigma.ar[340]"
116.744503526835,54.9779108739541,8.8556101887417,74.093709201073,123.914871358174,163.976554054084,196.309105707448,1.00046787710562,4490,0,1,"sigma.ar[341]"
112.061993779321,57.222187360054,6.27576051378196,65.4975602057702,118.967386953253,162.042747245649,196.150061137645,1.00130858290861,1447,0,1,"sigma.ar[342]"
113.604195167769,55.9750263521174,8.25882435255993,68.6456044878009,120.255285232548,161.976415227718,196.295023777577,1.00016797116236,8238,0,1,"sigma.ar[343]"
113.412054076908,56.756164692932,7.57446258727358,67.3703568712665,120.786639247628,162.382990488048,196.416936395535,1.00016899654329,10258,0,1,"sigma.ar[344]"
113.547248192696,56.9980372746515,6.47199949999367,68.0907790581604,120.558907522003,163.173350805188,196.56230871477,1.00135060407059,1626,0,1,"sigma.ar[345]"
113.05007668944,56.7197073778402,6.98928006223521,67.5129920098761,119.796618610671,162.303018900555,196.440084032796,1.00013763464389,9246,0,1,"sigma.ar[346]"
58.6503492115807,48.5912344966029,2.10460111756765,20.1321627579524,45.0075196694491,85.6071515474511,180.065593714685,0.999944664205758,15000,0,1,"sigma.ar[347]"
113.945165030285,56.1828087742571,8.18742347293402,68.9954495629242,120.425571085231,163.179082341464,196.394058625714,1.00015245253125,8168,0,1,"sigma.ar[348]"
104.726316603127,52.1659050488146,10.3243802307198,63.9905153387486,104.187158751404,147.219989454751,194.01248033572,1.00043427111425,4399,0,1,"sigma.ar[349]"
73.0576348956253,52.2127862543558,2.84002388552869,30.2463512668829,61.9947916249003,108.236554505515,186.932449645359,1.00239822698091,882,0,1,"sigma.ar[350]"
104.953775198828,58.3832415826849,6.25602029817504,53.5386745032621,107.185029700897,156.257722353832,196.064729867571,1.00091370782461,2110,0,1,"sigma.ar[351]"
103.65164481891,58.6098770653387,5.23380080421191,52.7399281601127,104.951943209335,155.925785132301,195.781808522693,1.0001067064332,15000,0,1,"sigma.ar[352]"
103.219735407731,57.9651897991269,6.26565731308827,52.7803636957091,104.227512970304,154.13332726626,195.676749966858,0.999980158105865,15000,0,1,"sigma.ar[353]"
81.4704398619132,52.5720021455615,4.2885065673233,38.1216681602607,73.610773560966,119.427069376455,189.955149476441,1.00076480565571,2625,0,1,"sigma.ar[354]"
49.6707326812146,44.8138180559012,1.48834330097449,15.8991292445722,35.7543216811747,69.5814175507388,170.453630756047,1.00129753923969,2883,0,1,"sigma.ar[355]"
80.6365834893409,52.6940478937924,4.19470020587714,37.3505488718612,72.1107676446972,118.812179026223,188.58962324408,1.0000542898281,13434,0,1,"sigma.ar[356]"
114.142955702042,56.2907179362971,7.3634165069977,69.4979206410506,121.013208686299,162.928460588696,196.49844630309,1.00051748600139,3377,0,1,"sigma.ar[357]"
88.3536522308209,53.843160505784,5.41778568081803,43.5693736526865,82.3144539218074,130.144920898961,191.110008715062,1.00110217055876,1979,0,1,"sigma.ar[358]"
106.066931556693,58.4873264899473,5.68958256012431,55.4397850912308,109.080804972371,158.659802107235,196.130987656896,1.00034811576944,5214,0,1,"sigma.ar[359]"
106.615703827025,59.1754432365908,5.10323905874845,55.1373335593735,110.656136477209,159.449512560938,196.311431179102,1.00011996774737,11371,0,1,"sigma.ar[360]"
111.644977627037,56.5975815483832,7.19015750818977,65.8601404660089,117.384821218183,160.800064016334,195.778363111429,1.00155647716961,1312,0,1,"sigma.ar[361]"
42.7018856765618,42.6774368690338,1.00006194902724,11.7131478268052,28.047970960214,58.9251806150537,164.167030997614,1.00120596429295,1890,0,1,"sigma.ar[362]"
94.3829635022063,54.2581981946309,5.75758473956629,49.4971685329014,91.2734943993858,138.482731938374,192.361274357978,1.00067348725296,2905,0,1,"sigma.ar[363]"
80.3513159533812,48.5622142763691,7.44945188258878,42.5133459491644,71.496647019193,112.657779599778,186.28763451456,1.00013444440531,10687,0,1,"sigma.ar[364]"
58.2790423501175,48.9124063346353,1.6573519804783,19.6064522586789,44.3298184075408,85.0773739210396,179.999355291633,1.00078553009567,3149,0,1,"sigma.ar[365]"
105.472543758926,59.1089237090804,5.26700052651104,54.120403790061,108.058695688665,158.56329415866,196.024409644564,1.0004660657495,3747,0,1,"sigma.ar[366]"
51.5029535717081,46.2352006991384,1.49568741834788,16.0280961292915,36.5416676799397,74.1938855264112,174.688264866845,1.00004229105019,15000,0,1,"sigma.ar[367]"
102.874199942737,58.7415623618164,4.96143856861897,51.3029609489032,104.50851966769,154.831821332438,195.673943273524,1.00104440457337,1847,0,1,"sigma.ar[368]"
42.5945294301351,42.0182514598894,1.22322599146593,12.4310682017226,28.572364572849,57.8159406266613,164.426356974884,1.00058182220318,15000,0,1,"sigma.ar[369]"
83.0451518363208,53.2523879526129,4.14659600013982,38.6777946460149,76.2042262745991,122.41128224399,189.526317396777,1.00143063145815,1354,0,1,"sigma.ar[370]"
85.3760957657708,47.175462125516,14.2071243749616,48.0840880700274,76.4647109974207,117.386704677122,187.459673834442,1.00001721854445,15000,0,1,"sigma.ar[371]"
111.013164325707,57.9033798304355,6.55420155885361,62.703128029619,117.399221827874,161.887932511174,196.457524409095,1.00029346501606,6666,0,1,"sigma.ar[372]"
51.1768112214113,45.8737073172805,1.67659770966148,16.0890912466274,36.8611996180158,72.9030457168144,173.974679552085,1.00024296070666,8954,0,1,"sigma.ar[373]"
105.61778754055,50.4424742581569,13.0045645744113,66.5423980430299,104.190695854305,145.975629610247,194.260464746279,0.999918097731106,15000,0,1,"sigma.ar[374]"
50.0470666257429,45.0671503697667,1.7468107845917,15.7403882458326,35.7120159033546,71.1000018467604,170.168050488524,1.00032508581898,7238,0,1,"sigma.ar[375]"
113.423803773708,56.4667682502492,8.06624565218685,67.6623588706224,119.880057310876,162.627353765307,196.30665002342,1.00037832680118,4641,0,1,"sigma.ar[376]"
70.8380830739557,52.1925760449346,2.99722966252174,27.4065126659179,58.8521757500853,106.002791307806,186.411397205025,1.00063281774894,2835,0,1,"sigma.ar[377]"
117.47370729515,56.4506765649699,7.85995588457106,73.2433866053957,126.670160564465,166.083958511409,196.746844055939,1.00064011083993,2979,0,1,"sigma.ar[378]"
110.388890121545,45.7627808153742,28.9980559549273,74.7877484835753,108.046534717393,146.386410490682,193.21412829529,1.00032607801182,4815,0,1,"sigma.ar[379]"
107.807013848228,44.7689899399588,33.8193023731711,72.0095331148442,103.636857578059,142.556829059196,193.003158031111,1.00054203197939,3237,0,1,"sigma.ar[380]"
56.5849119454974,47.6411909935723,2.08839679519817,19.2012634436593,42.7156734750684,82.024425721361,178.787892722964,1.00052872841078,6131,0,1,"sigma.ar[381]"
115.166570730973,55.7081404955768,8.7187846152567,71.2271692931126,122.491081955983,162.900179875476,196.551862587303,1.00107409115658,1764,0,1,"sigma.ar[382]"
51.6283857948553,46.0062757089179,1.55960137290632,16.5923384963638,37.3363350412394,72.6724723329272,172.166060541047,1.00029626015113,6198,0,1,"sigma.ar[383]"
57.9507160734883,48.1788116919876,1.93265754667704,20.0719581401002,44.0946066306799,84.2691954532807,179.577502543203,1.00019207013586,7500,0,1,"sigma.ar[384]"
47.867411197919,44.584367359633,1.31497948493755,14.48008975282,33.3909712848615,67.0754356165024,170.477920994262,1.00016425951889,9595,0,1,"sigma.ar[385]"
113.774701065455,57.0037087449534,6.5291680040509,67.9747426903763,120.369037646565,163.479319782764,196.341897691014,1.00041565366127,4111,0,1,"sigma.ar[386]"
127.340957837668,49.0412572911887,20.9705719249399,93.1582579228121,134.467044327135,168.07236421905,196.921164341989,1.00355576946306,645,0,1,"sigma.ar[387]"
82.6657466128811,52.7391167835635,4.03352999639066,39.5238376590341,75.2777395410176,121.4901042687,189.54400902226,1.00074863269616,2543,0,1,"sigma.ar[388]"
51.3765197797837,45.8539173740773,1.60891841509245,16.0335392485741,37.1316400772919,73.5209314667399,173.803441041612,0.999970817646014,15000,0,1,"sigma.ar[389]"
46.313803877012,43.7850286402813,1.48898398669543,14.5252426161568,31.9023878663189,63.1027889358829,167.996320938383,1.00192383575169,1453,0,1,"sigma.ar[390]"
46.7993717968508,43.3421171987406,1.5678604209473,14.9945752508949,32.6219897178309,64.76183214334,167.918759668459,0.999961189197126,15000,0,1,"sigma.ar[391]"
87.50154370793,51.9459369390055,5.5258932301035,45.3505797655478,81.4283975045443,126.231952751331,190.398929155359,1.00082617047118,2513,0,1,"sigma.ar[392]"
119.647575819558,50.9216178618588,17.3351927298097,81.2624943927959,124.345316077305,162.931734054077,196.066403085051,1.00002003069836,15000,0,1,"sigma.ar[393]"
32186.2107009877,57.6874502301011,32075.3041248582,32147.1234429779,32185.3520613203,32224.6925849709,32299.9411195719,1.00135914301436,2114,0,1,"deviance"
